"BestSubParRoundsStreak_RANKTHISWEEK_2012","BestSubParRoundsStreak_RANKLASTWEEK_2012","BestSubParRoundsStreak_PLAYERNAME_2012","BestSubParRoundsStreak__2012","BestSubParRoundsStreak_CAREERBESTSTREAK_2012","BestSubParRoundsStreak_BESTYTDSTREAK_2012","BestSubParRoundsStreak_CURRENTSTREAK_2012","stat_name","year"
1,1,"Tim Petrovic",NA,26,6,NA,"BestSubParRoundsStreak",2012
2,2,"Jeff Sluman",NA,23,NA,NA,"BestSubParRoundsStreak",2012
3,3,"Tim Clark",NA,22,7,NA,"BestSubParRoundsStreak",2012
3,3,"Fred Couples",NA,22,1,NA,"BestSubParRoundsStreak",2012
3,3,"Scott McCarron",NA,22,1,NA,"BestSubParRoundsStreak",2012
6,6,"Stuart Appleby",NA,21,7,NA,"BestSubParRoundsStreak",2012
6,6,"Bob Estes",NA,21,5,NA,"BestSubParRoundsStreak",2012
6,6,"Scott Verplank",NA,21,2,NA,"BestSubParRoundsStreak",2012
9,9,"Jay Don Blake",NA,20,NA,NA,"BestSubParRoundsStreak",2012
9,9,"Joey Sindelar",NA,20,NA,NA,"BestSubParRoundsStreak",2012
11,11,"Ben Crane",NA,19,9,NA,"BestSubParRoundsStreak",2012
11,11,"Joe Durant",NA,19,4,NA,"BestSubParRoundsStreak",2012
11,11,"Jesper Parnevik",NA,19,1,NA,"BestSubParRoundsStreak",2012
11,11,"Dan Pohl",NA,19,NA,NA,"BestSubParRoundsStreak",2012
15,15,"Glen Day",NA,18,4,NA,"BestSubParRoundsStreak",2012
15,15,"Chris DiMarco",NA,18,5,NA,"BestSubParRoundsStreak",2012
15,15,"Retief Goosen",NA,18,6,NA,"BestSubParRoundsStreak",2012
15,15,"Charles Howell III",NA,18,8,NA,"BestSubParRoundsStreak",2012
15,15,"Ryan Moore",NA,18,6,NA,"BestSubParRoundsStreak",2012
15,15,"Craig Parry",NA,18,NA,NA,"BestSubParRoundsStreak",2012
21,21,"Ronnie Black",NA,17,NA,NA,"BestSubParRoundsStreak",2012
21,21,"Jonathan Byrd",NA,17,4,NA,"BestSubParRoundsStreak",2012
21,21,"Brendon de Jonge",NA,17,11,NA,"BestSubParRoundsStreak",2012
21,21,"Luke Donald",NA,17,8,NA,"BestSubParRoundsStreak",2012
21,21,"Ed Fiori",NA,17,NA,NA,"BestSubParRoundsStreak",2012
21,21,"Donnie Hammond",NA,17,NA,NA,"BestSubParRoundsStreak",2012
21,21,"Jerry Kelly",NA,17,9,NA,"BestSubParRoundsStreak",2012
21,21,"Chris Kirk",NA,17,17,NA,"BestSubParRoundsStreak",2012
21,21,"Roger Maltbie",NA,17,NA,NA,"BestSubParRoundsStreak",2012
21,21,"Shigeki Maruyama",NA,17,NA,NA,"BestSubParRoundsStreak",2012
21,21,"Mark OMeara",NA,17,NA,NA,"BestSubParRoundsStreak",2012
21,21,"Vijay Singh",NA,17,7,NA,"BestSubParRoundsStreak",2012
21,21,"Kirk Triplett",NA,17,1,NA,"BestSubParRoundsStreak",2012
21,21,"Tiger Woods",NA,17,9,NA,"BestSubParRoundsStreak",2012
35,35,"Ken Green",NA,16,NA,NA,"BestSubParRoundsStreak",2012
35,35,"Bill Haas",NA,16,9,NA,"BestSubParRoundsStreak",2012
35,35,"Lee Janzen",NA,16,3,NA,"BestSubParRoundsStreak",2012
35,35,"Matt Kuchar",NA,16,7,NA,"BestSubParRoundsStreak",2012
35,35,"Troy Matteson",NA,16,9,NA,"BestSubParRoundsStreak",2012
35,35,"Blaine McCallister",NA,16,1,NA,"BestSubParRoundsStreak",2012
35,35,"Steve Pate",NA,16,NA,NA,"BestSubParRoundsStreak",2012
35,35,"Corey Pavin",NA,16,2,NA,"BestSubParRoundsStreak",2012
35,35,"Kenny Perry",NA,16,2,NA,"BestSubParRoundsStreak",2012
35,35,"DA Points",NA,16,13,NA,"BestSubParRoundsStreak",2012
35,35,"Chez Reavie",NA,16,6,NA,"BestSubParRoundsStreak",2012
35,35,"Chris Riley",NA,16,11,NA,"BestSubParRoundsStreak",2012
35,35,"Mike Weir",NA,16,1,NA,"BestSubParRoundsStreak",2012
48,48,"Stephen Ames",NA,15,4,NA,"BestSubParRoundsStreak",2012
48,48,"Brian Davis",NA,15,5,NA,"BestSubParRoundsStreak",2012
48,48,"Carlos Franco",NA,15,NA,NA,"BestSubParRoundsStreak",2012
48,48,"Scott Hoch",NA,15,NA,NA,"BestSubParRoundsStreak",2012
48,48,"Tom Kite",NA,15,NA,NA,"BestSubParRoundsStreak",2012
48,48,"Davis Love III",NA,15,4,NA,"BestSubParRoundsStreak",2012
48,48,"Andrew Magee",NA,15,NA,NA,"BestSubParRoundsStreak",2012
48,48,"Scott Simpson",NA,15,NA,NA,"BestSubParRoundsStreak",2012
48,48,"Chris Smith",NA,15,1,NA,"BestSubParRoundsStreak",2012
48,48,"Craig Stadler",NA,15,NA,NA,"BestSubParRoundsStreak",2012
48,48,"Bob Tway",NA,15,NA,NA,"BestSubParRoundsStreak",2012
48,48,"Johnson Wagner",NA,15,14,NA,"BestSubParRoundsStreak",2012
60,60,"Robert Allenby",NA,14,4,NA,"BestSubParRoundsStreak",2012
60,60,"Woody Austin",NA,14,4,NA,"BestSubParRoundsStreak",2012
60,60,"Brian Bateman",NA,14,NA,NA,"BestSubParRoundsStreak",2012
60,60,"Russ Cochran",NA,14,NA,NA,"BestSubParRoundsStreak",2012
60,60,"Marco Dawson",NA,14,3,NA,"BestSubParRoundsStreak",2012
60,60,"Steve Flesch",NA,14,1,NA,"BestSubParRoundsStreak",2012
60,60,"Rickie Fowler",NA,14,6,NA,"BestSubParRoundsStreak",2012
60,60,"Brent Geiberger",NA,14,NA,NA,"BestSubParRoundsStreak",2012
60,60,"Mathew Goggin",NA,14,11,NA,"BestSubParRoundsStreak",2012
60,60,"John Huston",NA,14,NA,NA,"BestSubParRoundsStreak",2012
60,60,"Freddie Jacobson",NA,14,2,NA,"BestSubParRoundsStreak",2012
60,60,"Kent Jones",NA,14,1,NA,"BestSubParRoundsStreak",2012
60,60,"Justin Leonard",NA,14,3,NA,"BestSubParRoundsStreak",2012
60,60,"Frank Lickliter II",NA,14,2,NA,"BestSubParRoundsStreak",2012
60,60,"Peter Lonard",NA,14,2,NA,"BestSubParRoundsStreak",2012
60,60,"Jeff Maggert",NA,14,7,NA,"BestSubParRoundsStreak",2012
60,60,"Rocco Mediate",NA,14,5,NA,"BestSubParRoundsStreak",2012
60,60,"Joe Ogilvie",NA,14,5,NA,"BestSubParRoundsStreak",2012
60,60,"Loren Roberts",NA,14,NA,NA,"BestSubParRoundsStreak",2012
60,60,"Payne Stewart",NA,14,NA,NA,"BestSubParRoundsStreak",2012
60,60,"Bo Van Pelt",NA,14,8,NA,"BestSubParRoundsStreak",2012
60,60,"Grant Waite",NA,14,1,NA,"BestSubParRoundsStreak",2012
60,60,"Mark Wilson",NA,14,7,NA,"BestSubParRoundsStreak",2012
83,83,"Billy Andrade",NA,13,NA,NA,"BestSubParRoundsStreak",2012
83,83,"Paul Azinger",NA,13,NA,NA,"BestSubParRoundsStreak",2012
83,83,"Briny Baird",NA,13,3,NA,"BestSubParRoundsStreak",2012
83,83,"Cameron Beckman",NA,13,4,NA,"BestSubParRoundsStreak",2012
83,83,"Jason Bohn",NA,13,8,NA,"BestSubParRoundsStreak",2012
83,83,"Bart Bryant",NA,13,2,NA,"BestSubParRoundsStreak",2012
83,83,"Brad Bryant",NA,13,NA,NA,"BestSubParRoundsStreak",2012
83,83,"Rex Caldwell",NA,13,NA,NA,"BestSubParRoundsStreak",2012
83,83,"John Cook",NA,13,NA,NA,"BestSubParRoundsStreak",2012
83,83,"Ben Curtis",NA,13,13,NA,"BestSubParRoundsStreak",2012
83,83,"Jay Delsing",NA,13,NA,NA,"BestSubParRoundsStreak",2012
83,83,"David Duval",NA,13,2,NA,"BestSubParRoundsStreak",2012
83,83,"Steve Elkington",NA,13,1,NA,"BestSubParRoundsStreak",2012
83,83,"Rick Fehr",NA,13,NA,NA,"BestSubParRoundsStreak",2012
83,83,"Dan Forsman",NA,13,NA,NA,"BestSubParRoundsStreak",2012
83,83,"Harrison Frazar",NA,13,9,NA,"BestSubParRoundsStreak",2012
83,83,"David Frost",NA,13,NA,NA,"BestSubParRoundsStreak",2012
83,83,"Fred Funk",NA,13,1,NA,"BestSubParRoundsStreak",2012
83,83,"Jim Furyk",NA,13,8,NA,"BestSubParRoundsStreak",2012
83,83,"Buddy Gardner",NA,13,NA,NA,"BestSubParRoundsStreak",2012
83,83,"Brian Gay",NA,13,6,NA,"BestSubParRoundsStreak",2012
83,83,"Tim Herron",NA,13,6,NA,"BestSubParRoundsStreak",2012
83,83,"Peter Jacobsen",NA,13,NA,NA,"BestSubParRoundsStreak",2012
83,83,"Neal Lancaster",NA,13,2,NA,"BestSubParRoundsStreak",2012
83,83,"Bernhard Langer",NA,13,NA,NA,"BestSubParRoundsStreak",2012
83,83,"Tom Lehman",NA,13,2,NA,"BestSubParRoundsStreak",2012
83,83,"Mark McCumber",NA,13,NA,NA,"BestSubParRoundsStreak",2012
83,83,"Phil Mickelson",NA,13,9,NA,"BestSubParRoundsStreak",2012
83,83,"Bryce Molder",NA,13,6,NA,"BestSubParRoundsStreak",2012
83,83,"Calvin Peete",NA,13,NA,NA,"BestSubParRoundsStreak",2012
83,83,"David Peoples",NA,13,NA,NA,"BestSubParRoundsStreak",2012
83,83,"Scott Piercy",NA,13,13,NA,"BestSubParRoundsStreak",2012
83,83,"Ted Purdy",NA,13,2,NA,"BestSubParRoundsStreak",2012
83,83,"Mike Reid",NA,13,NA,NA,"BestSubParRoundsStreak",2012
83,83,"Dave Rummells",NA,13,NA,NA,"BestSubParRoundsStreak",2012
83,83,"Tom Sieckmann",NA,13,NA,NA,"BestSubParRoundsStreak",2012
83,83,"Tony Sills",NA,13,NA,NA,"BestSubParRoundsStreak",2012
83,83,"Webb Simpson",NA,13,5,NA,"BestSubParRoundsStreak",2012
83,83,"Brandt Snedeker",NA,13,11,NA,"BestSubParRoundsStreak",2012
83,83,"Curtis Strange",NA,13,NA,NA,"BestSubParRoundsStreak",2012
83,83,"Mike Sullivan",NA,13,NA,NA,"BestSubParRoundsStreak",2012
83,83,"David Toms",NA,13,4,NA,"BestSubParRoundsStreak",2012
83,83,"Duffy Waldorf",NA,13,6,NA,"BestSubParRoundsStreak",2012
83,83,"Bubba Watson",NA,13,13,NA,"BestSubParRoundsStreak",2012
127,127,"Aaron Baddeley",NA,12,3,NA,"BestSubParRoundsStreak",2012
127,127,"Dave Barr",NA,12,NA,NA,"BestSubParRoundsStreak",2012
127,127,"Mark Brooks",NA,12,2,NA,"BestSubParRoundsStreak",2012
127,127,"Mark Calcavecchia",NA,12,2,NA,"BestSubParRoundsStreak",2012
127,127,"Chad Campbell",NA,12,5,NA,"BestSubParRoundsStreak",2012
127,127,"Greg Chalmers",NA,12,4,NA,"BestSubParRoundsStreak",2012
127,127,"Stewart Cink",NA,12,3,NA,"BestSubParRoundsStreak",2012
127,127,"Michael Connell",NA,12,NA,NA,"BestSubParRoundsStreak",2012
127,127,"Danny Edwards",NA,12,NA,NA,"BestSubParRoundsStreak",2012
127,127,"David Edwards",NA,12,NA,NA,"BestSubParRoundsStreak",2012
127,127,"Joel Edwards",NA,12,NA,NA,"BestSubParRoundsStreak",2012
127,127,"Brad Faxon",NA,12,NA,NA,"BestSubParRoundsStreak",2012
127,127,"Todd Fischer",NA,12,NA,NA,"BestSubParRoundsStreak",2012
127,127,"Robert Gamez",NA,12,3,NA,"BestSubParRoundsStreak",2012
127,127,"Paul Goydos",NA,12,5,NA,"BestSubParRoundsStreak",2012
127,127,"Nathan Green",NA,12,4,NA,"BestSubParRoundsStreak",2012
127,127,"Mathias Gronberg",NA,12,3,NA,"BestSubParRoundsStreak",2012
127,127,"Jay Haas",NA,12,NA,NA,"BestSubParRoundsStreak",2012
127,127,"Mike Heinen",NA,12,NA,NA,"BestSubParRoundsStreak",2012
127,127,"Richard Johnson",NA,12,2,NA,"BestSubParRoundsStreak",2012
127,127,"Jonathan Kaye",NA,12,NA,NA,"BestSubParRoundsStreak",2012
127,127,"Skip Kendall",NA,12,4,NA,"BestSubParRoundsStreak",2012
127,127,"Gary Koch",NA,12,NA,NA,"BestSubParRoundsStreak",2012
127,127,"Greg Kraft",NA,12,NA,NA,"BestSubParRoundsStreak",2012
127,127,"Bill Lunde",NA,12,7,NA,"BestSubParRoundsStreak",2012
127,127,"Jim McGovern",NA,12,NA,NA,"BestSubParRoundsStreak",2012
127,127,"Larry Mize",NA,12,NA,NA,"BestSubParRoundsStreak",2012
127,127,"Gil Morgan",NA,12,NA,NA,"BestSubParRoundsStreak",2012
127,127,"Frank Nobilo",NA,12,NA,NA,"BestSubParRoundsStreak",2012
127,127,"Jose Maria Olazabal",NA,12,1,NA,"BestSubParRoundsStreak",2012
127,127,"Don Pooley",NA,12,NA,NA,"BestSubParRoundsStreak",2012
127,127,"Gene Sauers",NA,12,3,NA,"BestSubParRoundsStreak",2012
127,127,"John Senden",NA,12,6,NA,"BestSubParRoundsStreak",2012
127,127,"Paul Stankowski",NA,12,2,NA,"BestSubParRoundsStreak",2012
127,127,"Kevin Sutherland",NA,12,2,NA,"BestSubParRoundsStreak",2012
127,127,"Hal Sutton",NA,12,NA,NA,"BestSubParRoundsStreak",2012
127,127,"Jhonattan Vegas",NA,12,3,NA,"BestSubParRoundsStreak",2012
127,127,"Jay Williamson",NA,12,NA,NA,"BestSubParRoundsStreak",2012
127,127,"Willie Wood",NA,12,2,NA,"BestSubParRoundsStreak",2012
127,127,"Fuzzy Zoeller",NA,12,NA,NA,"BestSubParRoundsStreak",2012
167,167,"Craig Barlow",NA,11,1,NA,"BestSubParRoundsStreak",2012
167,167,"Chip Beck",NA,11,NA,NA,"BestSubParRoundsStreak",2012
167,167,"Olin Browne",NA,11,NA,NA,"BestSubParRoundsStreak",2012
167,167,"George Burns",NA,11,NA,NA,"BestSubParRoundsStreak",2012
167,167,"Bob Burns",NA,11,NA,NA,"BestSubParRoundsStreak",2012
167,167,"Tom Byrum",NA,11,1,NA,"BestSubParRoundsStreak",2012
167,167,"Jim Carter",NA,11,1,NA,"BestSubParRoundsStreak",2012
167,167,"Brandel Chamblee",NA,11,NA,NA,"BestSubParRoundsStreak",2012
167,167,"KJ Choi",NA,11,3,NA,"BestSubParRoundsStreak",2012
167,167,"Michael Clark II",NA,11,NA,NA,"BestSubParRoundsStreak",2012
167,167,"John Daly",NA,11,3,NA,"BestSubParRoundsStreak",2012
167,167,"Bubba Dickerson",NA,11,NA,NA,"BestSubParRoundsStreak",2012
167,167,"Keith Fergus",NA,11,1,NA,"BestSubParRoundsStreak",2012
167,167,"Bruce Fleisher",NA,11,NA,NA,"BestSubParRoundsStreak",2012
167,167,"Raymond Floyd",NA,11,NA,NA,"BestSubParRoundsStreak",2012
167,167,"Sergio Garcia",NA,11,7,NA,"BestSubParRoundsStreak",2012
167,167,"Jason Gore",NA,11,4,NA,"BestSubParRoundsStreak",2012
167,167,"Todd Hamilton",NA,11,2,NA,"BestSubParRoundsStreak",2012
167,167,"JP Hayes",NA,11,NA,NA,"BestSubParRoundsStreak",2012
167,167,"JJ Henry",NA,11,5,NA,"BestSubParRoundsStreak",2012
167,167,"Zach Johnson",NA,11,5,NA,"BestSubParRoundsStreak",2012
167,167,"Dustin Johnson",NA,11,11,NA,"BestSubParRoundsStreak",2012
167,167,"Ian Leggatt",NA,11,NA,NA,"BestSubParRoundsStreak",2012
167,167,"Michael Letzig",NA,11,NA,NA,"BestSubParRoundsStreak",2012
167,167,"Bruce Lietzke",NA,11,NA,NA,"BestSubParRoundsStreak",2012
167,167,"John Mahaffey",NA,11,NA,NA,"BestSubParRoundsStreak",2012
167,167,"Steve Marino",NA,11,7,NA,"BestSubParRoundsStreak",2012
167,167,"Billy Mayfair",NA,11,4,NA,"BestSubParRoundsStreak",2012
167,167,"Rory McIlroy",NA,11,11,NA,"BestSubParRoundsStreak",2012
167,167,"George McNeill",NA,11,7,NA,"BestSubParRoundsStreak",2012
167,167,"Shaun Micheel",NA,11,2,NA,"BestSubParRoundsStreak",2012
167,167,"Nick OHern",NA,11,5,NA,"BestSubParRoundsStreak",2012
167,167,"Geoff Ogilvy",NA,11,6,NA,"BestSubParRoundsStreak",2012
167,167,"David Ogrin",NA,11,NA,NA,"BestSubParRoundsStreak",2012
167,167,"Rod Pampling",NA,11,4,NA,"BestSubParRoundsStreak",2012
167,167,"Carl Pettersson",NA,11,11,NA,"BestSubParRoundsStreak",2012
167,167,"Nick Price",NA,11,1,NA,"BestSubParRoundsStreak",2012
167,167,"Aron Price",NA,11,NA,NA,"BestSubParRoundsStreak",2012
167,167,"Dicky Pride",NA,11,6,NA,"BestSubParRoundsStreak",2012
167,167,"Tom Purtzer",NA,11,NA,NA,"BestSubParRoundsStreak",2012
167,167,"Lee Rinker",NA,11,NA,NA,"BestSubParRoundsStreak",2012
167,167,"Clarence Rose",NA,11,NA,NA,"BestSubParRoundsStreak",2012
167,167,"Rory Sabbatini",NA,11,7,NA,"BestSubParRoundsStreak",2012
167,167,"Wes Short Jr",NA,11,NA,NA,"BestSubParRoundsStreak",2012
167,167,"Tim Simpson",NA,11,NA,NA,"BestSubParRoundsStreak",2012
167,167,"Steve Stricker",NA,11,10,NA,"BestSubParRoundsStreak",2012
167,167,"Chris Stroud",NA,11,6,NA,"BestSubParRoundsStreak",2012
167,167,"Jim Thorpe",NA,11,NA,NA,"BestSubParRoundsStreak",2012
167,167,"Chris Tidland",NA,11,NA,NA,"BestSubParRoundsStreak",2012
167,167,"Nick Watney",NA,11,5,NA,"BestSubParRoundsStreak",2012
167,167,"Boo Weekley",NA,11,5,NA,"BestSubParRoundsStreak",2012
167,167,"Richard Zokol",NA,11,NA,NA,"BestSubParRoundsStreak",2012
219,219,"Michael Allen",NA,10,1,NA,"BestSubParRoundsStreak",2012
219,219,"Arjun Atwal",NA,10,4,NA,"BestSubParRoundsStreak",2012
219,219,"Phil Blackmar",NA,10,NA,NA,"BestSubParRoundsStreak",2012
219,219,"Mark Carnevale",NA,10,NA,NA,"BestSubParRoundsStreak",2012
219,219,"Lennie Clements",NA,10,NA,NA,"BestSubParRoundsStreak",2012
219,219,"Chad Collins",NA,10,2,NA,"BestSubParRoundsStreak",2012
219,219,"Trevor Dodds",NA,10,NA,NA,"BestSubParRoundsStreak",2012
219,219,"Ken Duke",NA,10,5,NA,"BestSubParRoundsStreak",2012
219,219,"Ernie Els",NA,10,7,NA,"BestSubParRoundsStreak",2012
219,219,"Bob Gilder",NA,10,NA,NA,"BestSubParRoundsStreak",2012
219,219,"Bill Glasson",NA,10,NA,NA,"BestSubParRoundsStreak",2012
219,219,"Lucas Glover",NA,10,2,NA,"BestSubParRoundsStreak",2012
219,219,"David Gossett",NA,10,NA,NA,"BestSubParRoundsStreak",2012
219,219,"Hubert Green",NA,10,NA,NA,"BestSubParRoundsStreak",2012
219,219,"Scott Gump",NA,10,NA,NA,"BestSubParRoundsStreak",2012
219,219,"Dudley Hart",NA,10,1,NA,"BestSubParRoundsStreak",2012
219,219,"Nolan Henke",NA,10,NA,NA,"BestSubParRoundsStreak",2012
219,219,"Charley Hoffman",NA,10,5,NA,"BestSubParRoundsStreak",2012
219,219,"JB Holmes",NA,10,7,NA,"BestSubParRoundsStreak",2012
219,219,"Mike Hulbert",NA,10,NA,NA,"BestSubParRoundsStreak",2012
219,219,"Steve Jones",NA,10,1,NA,"BestSubParRoundsStreak",2012
219,219,"Matt Jones",NA,10,3,NA,"BestSubParRoundsStreak",2012
219,219,"Kenny Knox",NA,10,NA,NA,"BestSubParRoundsStreak",2012
219,219,"Steve Lowery",NA,10,2,NA,"BestSubParRoundsStreak",2012
219,219,"Mark Lye",NA,10,NA,NA,"BestSubParRoundsStreak",2012
219,219,"Len Mattiace",NA,10,4,NA,"BestSubParRoundsStreak",2012
219,219,"Kevin Na",NA,10,7,NA,"BestSubParRoundsStreak",2012
219,219,"Larry Nelson",NA,10,NA,NA,"BestSubParRoundsStreak",2012
219,219,"James Nitties",NA,10,NA,NA,"BestSubParRoundsStreak",2012
219,219,"Greg Norman",NA,10,1,NA,"BestSubParRoundsStreak",2012
219,219,"Pat Perez",NA,10,4,NA,"BestSubParRoundsStreak",2012
219,219,"Craig Perks",NA,10,NA,NA,"BestSubParRoundsStreak",2012
219,219,"Tom Pernice Jr",NA,10,3,NA,"BestSubParRoundsStreak",2012
219,219,"Chris Perry",NA,10,NA,NA,"BestSubParRoundsStreak",2012
219,219,"Brett Quigley",NA,10,4,NA,"BestSubParRoundsStreak",2012
219,219,"Jeff Quinney",NA,10,2,NA,"BestSubParRoundsStreak",2012
219,219,"Justin Rose",NA,10,8,NA,"BestSubParRoundsStreak",2012
219,219,"Heath Slocum",NA,10,7,NA,"BestSubParRoundsStreak",2012
219,219,"Mike Smith",NA,10,NA,NA,"BestSubParRoundsStreak",2012
219,219,"JC Snead",NA,10,NA,NA,"BestSubParRoundsStreak",2012
219,219,"Kevin Stadler",NA,10,5,NA,"BestSubParRoundsStreak",2012
219,219,"Kevin Streelman",NA,10,6,NA,"BestSubParRoundsStreak",2012
219,219,"Phil Tataurangi",NA,10,NA,NA,"BestSubParRoundsStreak",2012
219,219,"Josh Teater",NA,10,8,NA,"BestSubParRoundsStreak",2012
219,219,"Doug Tewell",NA,10,NA,NA,"BestSubParRoundsStreak",2012
219,219,"Roland Thatcher",NA,10,5,NA,"BestSubParRoundsStreak",2012
219,219,"Howard Twitty",NA,10,NA,NA,"BestSubParRoundsStreak",2012
219,219,"Bobby Wadkins",NA,10,NA,NA,"BestSubParRoundsStreak",2012
219,219,"Lanny Wadkins",NA,10,NA,NA,"BestSubParRoundsStreak",2012
219,219,"Mark Wiebe",NA,10,NA,NA,"BestSubParRoundsStreak",2012
269,269,"John Adams",NA,9,NA,NA,"BestSubParRoundsStreak",2012
269,269,"Blake Adams",NA,9,9,NA,"BestSubParRoundsStreak",2012
269,269,"Steve Allan",NA,9,NA,NA,"BestSubParRoundsStreak",2012
269,269,"Tommy Armour III",NA,9,NA,NA,"BestSubParRoundsStreak",2012
269,269,"Doug Barron",NA,9,NA,NA,"BestSubParRoundsStreak",2012
269,269,"Andy Bean",NA,9,NA,NA,"BestSubParRoundsStreak",2012
269,269,"Notah Begay III",NA,9,1,NA,"BestSubParRoundsStreak",2012
269,269,"Jonas Blixt",NA,9,9,NA,"BestSubParRoundsStreak",2012
269,269,"Guy Boros",NA,9,3,NA,"BestSubParRoundsStreak",2012
269,269,"Bill Britton",NA,9,NA,NA,"BestSubParRoundsStreak",2012
269,269,"Angel Cabrera",NA,9,6,NA,"BestSubParRoundsStreak",2012
269,269,"Bud Cauley",NA,9,6,NA,"BestSubParRoundsStreak",2012
269,269,"Alex Cejka",NA,9,5,NA,"BestSubParRoundsStreak",2012
269,269,"Chris Couch",NA,9,9,NA,"BestSubParRoundsStreak",2012
269,269,"Robert Damron",NA,9,2,NA,"BestSubParRoundsStreak",2012
269,269,"Jason Dufner",NA,9,9,NA,"BestSubParRoundsStreak",2012
269,269,"Robin Freeman",NA,9,NA,NA,"BestSubParRoundsStreak",2012
269,269,"Jim Gallagher Jr",NA,9,NA,NA,"BestSubParRoundsStreak",2012
269,269,"Kelly Gibson",NA,9,NA,NA,"BestSubParRoundsStreak",2012
269,269,"Matt Gogel",NA,9,NA,NA,"BestSubParRoundsStreak",2012
269,269,"Gary Hallberg",NA,9,NA,NA,"BestSubParRoundsStreak",2012
269,269,"Padraig Harrington",NA,9,5,NA,"BestSubParRoundsStreak",2012
269,269,"Morris Hatalsky",NA,9,NA,NA,"BestSubParRoundsStreak",2012
269,269,"Mark Hayes",NA,9,NA,NA,"BestSubParRoundsStreak",2012
269,269,"Brian Henninger",NA,9,NA,NA,"BestSubParRoundsStreak",2012
269,269,"Ryuji Imada",NA,9,5,NA,"BestSubParRoundsStreak",2012
269,269,"Trevor Immelman",NA,9,9,NA,"BestSubParRoundsStreak",2012
269,269,"Hale Irwin",NA,9,NA,NA,"BestSubParRoundsStreak",2012
269,269,"Brandt Jobe",NA,9,3,NA,"BestSubParRoundsStreak",2012
269,269,"Brendan Jones",NA,9,1,NA,"BestSubParRoundsStreak",2012
269,269,"Jeff Klauk",NA,9,NA,NA,"BestSubParRoundsStreak",2012
269,269,"Hank Kuehne",NA,9,3,NA,"BestSubParRoundsStreak",2012
269,269,"Martin Laird",NA,9,8,NA,"BestSubParRoundsStreak",2012
269,269,"JL Lewis",NA,9,NA,NA,"BestSubParRoundsStreak",2012
269,269,"Bob Lohr",NA,9,NA,NA,"BestSubParRoundsStreak",2012
269,269,"Sandy Lyle",NA,9,NA,NA,"BestSubParRoundsStreak",2012
269,269,"David Mathis",NA,9,9,NA,"BestSubParRoundsStreak",2012
269,269,"Spike McRoy",NA,9,NA,NA,"BestSubParRoundsStreak",2012
269,269,"Arron Oberholser",NA,9,2,NA,"BestSubParRoundsStreak",2012
269,269,"Jeff Overton",NA,9,9,NA,"BestSubParRoundsStreak",2012
269,269,"Greg Owen",NA,9,5,NA,"BestSubParRoundsStreak",2012
269,269,"Ryan Palmer",NA,9,4,NA,"BestSubParRoundsStreak",2012
269,269,"Dennis Paulson",NA,9,NA,NA,"BestSubParRoundsStreak",2012
269,269,"John Riegger",NA,9,NA,NA,"BestSubParRoundsStreak",2012
269,269,"John Rollins",NA,9,8,NA,"BestSubParRoundsStreak",2012
269,269,"Ted Schulz",NA,9,NA,NA,"BestSubParRoundsStreak",2012
269,269,"Adam Scott",NA,9,9,NA,"BestSubParRoundsStreak",2012
269,269,"Patrick Sheehan",NA,9,3,NA,"BestSubParRoundsStreak",2012
269,269,"Mike Springer",NA,9,NA,NA,"BestSubParRoundsStreak",2012
269,269,"Ron Streck",NA,9,NA,NA,"BestSubParRoundsStreak",2012
269,269,"DJ Trahan",NA,9,6,NA,"BestSubParRoundsStreak",2012
269,269,"Omar Uresti",NA,9,2,NA,"BestSubParRoundsStreak",2012
269,269,"Stan Utley",NA,9,NA,NA,"BestSubParRoundsStreak",2012
269,269,"Jimmy Walker",NA,9,6,NA,"BestSubParRoundsStreak",2012
269,269,"Charles Warren",NA,9,NA,NA,"BestSubParRoundsStreak",2012
269,269,"Tom Watson",NA,9,1,NA,"BestSubParRoundsStreak",2012
269,269,"Brett Wetterich",NA,9,1,NA,"BestSubParRoundsStreak",2012
269,269,"Charlie Wi",NA,9,5,NA,"BestSubParRoundsStreak",2012
269,269,"Dean Wilson",NA,9,1,NA,"BestSubParRoundsStreak",2012
328,328,"Brad Adamonis",NA,8,NA,NA,"BestSubParRoundsStreak",2012
328,328,"Fulton Allem",NA,8,NA,NA,"BestSubParRoundsStreak",2012
328,328,"Ian Baker Finch",NA,8,NA,NA,"BestSubParRoundsStreak",2012
328,328,"Rich Beem",NA,8,2,NA,"BestSubParRoundsStreak",2012
328,328,"Matt Bettencourt",NA,8,3,NA,"BestSubParRoundsStreak",2012
328,328,"Michael Bradley",NA,8,3,NA,"BestSubParRoundsStreak",2012
328,328,"Ken Brown",NA,8,NA,NA,"BestSubParRoundsStreak",2012
328,328,"Curt Byrum",NA,8,NA,NA,"BestSubParRoundsStreak",2012
328,328,"Michael Campbell",NA,8,NA,NA,"BestSubParRoundsStreak",2012
328,328,"Paul Casey",NA,8,2,NA,"BestSubParRoundsStreak",2012
328,328,"TC Chen",NA,8,NA,NA,"BestSubParRoundsStreak",2012
328,328,"Daniel Chopra",NA,8,7,NA,"BestSubParRoundsStreak",2012
328,328,"Bobby Clampett",NA,8,NA,NA,"BestSubParRoundsStreak",2012
328,328,"Keith Clearwater",NA,8,NA,NA,"BestSubParRoundsStreak",2012
328,328,"Ben Crenshaw",NA,8,NA,NA,"BestSubParRoundsStreak",2012
328,328,"Mike Donald",NA,8,NA,NA,"BestSubParRoundsStreak",2012
328,328,"James Driscoll",NA,8,7,NA,"BestSubParRoundsStreak",2012
328,328,"Scott Dunlap",NA,8,5,NA,"BestSubParRoundsStreak",2012
328,328,"Tommy Gainey",NA,8,8,NA,"BestSubParRoundsStreak",2012
328,328,"Robert Garrigus",NA,8,7,NA,"BestSubParRoundsStreak",2012
328,328,"Bobby Gates",NA,8,8,NA,"BestSubParRoundsStreak",2012
328,328,"Tom Gillis",NA,8,4,NA,"BestSubParRoundsStreak",2012
328,328,"Andres Gonzales",NA,8,1,NA,"BestSubParRoundsStreak",2012
328,328,"Scott Gutschewski",NA,8,NA,NA,"BestSubParRoundsStreak",2012
328,328,"Miguel Angel Jimenez",NA,8,2,NA,"BestSubParRoundsStreak",2012
328,328,"Anthony Kim",NA,8,2,NA,"BestSubParRoundsStreak",2012
328,328,"Steve Lamontagne",NA,8,NA,NA,"BestSubParRoundsStreak",2012
328,328,"Marc Leishman",NA,8,3,NA,"BestSubParRoundsStreak",2012
328,328,"Wayne Levi",NA,8,NA,NA,"BestSubParRoundsStreak",2012
328,328,"Spencer Levin",NA,8,4,NA,"BestSubParRoundsStreak",2012
328,328,"Hunter Mahan",NA,8,4,NA,"BestSubParRoundsStreak",2012
328,328,"John Mallinger",NA,8,5,NA,"BestSubParRoundsStreak",2012
328,328,"Dick Mast",NA,8,NA,NA,"BestSubParRoundsStreak",2012
328,328,"William McGirt",NA,8,8,NA,"BestSubParRoundsStreak",2012
328,328,"Parker McLachlin",NA,8,1,NA,"BestSubParRoundsStreak",2012
328,328,"Matt McQuillan",NA,8,1,NA,"BestSubParRoundsStreak",2012
328,328,"Johnny Miller",NA,8,NA,NA,"BestSubParRoundsStreak",2012
328,328,"Jodie Mudd",NA,8,NA,NA,"BestSubParRoundsStreak",2012
328,328,"Jack Nicklaus",NA,8,NA,NA,"BestSubParRoundsStreak",2012
328,328,"Seung Yul Noh",NA,8,8,NA,"BestSubParRoundsStreak",2012
328,328,"Sean OHair",NA,8,7,NA,"BestSubParRoundsStreak",2012
328,328,"Brenden Pappas",NA,8,NA,NA,"BestSubParRoundsStreak",2012
328,328,"Cameron Percy",NA,8,NA,NA,"BestSubParRoundsStreak",2012
328,328,"Jack Renner",NA,8,NA,NA,"BestSubParRoundsStreak",2012
328,328,"Tag Ridings",NA,8,NA,NA,"BestSubParRoundsStreak",2012
328,328,"Larry Rinker",NA,8,NA,NA,"BestSubParRoundsStreak",2012
328,328,"Andres Romero",NA,8,3,NA,"BestSubParRoundsStreak",2012
328,328,"Lance Ten Broeck",NA,8,NA,NA,"BestSubParRoundsStreak",2012
328,328,"Michael Thompson",NA,8,8,NA,"BestSubParRoundsStreak",2012
328,328,"Esteban Toledo",NA,8,1,NA,"BestSubParRoundsStreak",2012
328,328,"Lee Trevino",NA,8,NA,NA,"BestSubParRoundsStreak",2012
328,328,"Ted Tryba",NA,8,NA,NA,"BestSubParRoundsStreak",2012
328,328,"Marc Turnesa",NA,8,4,NA,"BestSubParRoundsStreak",2012
328,328,"Fred Wadsworth",NA,8,NA,NA,"BestSubParRoundsStreak",2012
328,328,"DA Weibring",NA,8,NA,NA,"BestSubParRoundsStreak",2012
328,328,"Matt Weibring",NA,8,NA,NA,"BestSubParRoundsStreak",2012
328,328,"Lee Westwood",NA,8,6,NA,"BestSubParRoundsStreak",2012
328,328,"Tim Wilkinson",NA,8,NA,NA,"BestSubParRoundsStreak",2012
386,386,"Eric Axley",NA,7,3,NA,"BestSubParRoundsStreak",2012
386,386,"Ricky Barnes",NA,7,5,NA,"BestSubParRoundsStreak",2012
386,386,"David Berganio Jr",NA,7,NA,NA,"BestSubParRoundsStreak",2012
386,386,"Justin Bolli",NA,7,NA,NA,"BestSubParRoundsStreak",2012
386,386,"Craig Bowden",NA,7,NA,NA,"BestSubParRoundsStreak",2012
386,386,"Steven Bowditch",NA,7,4,NA,"BestSubParRoundsStreak",2012
386,386,"Keegan Bradley",NA,7,5,NA,"BestSubParRoundsStreak",2012
386,386,"Billy Ray Brown",NA,7,NA,NA,"BestSubParRoundsStreak",2012
386,386,"Jose Coceres",NA,7,NA,NA,"BestSubParRoundsStreak",2012
386,386,"Jason Day",NA,7,6,NA,"BestSubParRoundsStreak",2012
386,386,"Todd Demsey",NA,7,1,NA,"BestSubParRoundsStreak",2012
386,386,"Ed Dougherty",NA,7,NA,NA,"BestSubParRoundsStreak",2012
386,386,"Dave Eichelberger",NA,7,NA,NA,"BestSubParRoundsStreak",2012
386,386,"Danny Ellis",NA,7,NA,NA,"BestSubParRoundsStreak",2012
386,386,"David Graham",NA,7,NA,NA,"BestSubParRoundsStreak",2012
386,386,"Jeff Hart",NA,7,NA,NA,"BestSubParRoundsStreak",2012
386,386,"David Hearn",NA,7,7,NA,"BestSubParRoundsStreak",2012
386,386,"Lon Hinkle",NA,7,NA,NA,"BestSubParRoundsStreak",2012
386,386,"Gabriel Hjertstedt",NA,7,NA,NA,"BestSubParRoundsStreak",2012
386,386,"Billy Horschel",NA,7,4,NA,"BestSubParRoundsStreak",2012
386,386,"David Howell",NA,7,NA,NA,"BestSubParRoundsStreak",2012
386,386,"John Huh",NA,7,7,NA,"BestSubParRoundsStreak",2012
386,386,"Joe Inman",NA,7,NA,NA,"BestSubParRoundsStreak",2012
386,386,"John Inman",NA,7,1,NA,"BestSubParRoundsStreak",2012
386,386,"Barry Jaeckel",NA,7,NA,NA,"BestSubParRoundsStreak",2012
386,386,"Sung Kang",NA,7,4,NA,"BestSubParRoundsStreak",2012
386,386,"Russell Knox",NA,7,7,NA,"BestSubParRoundsStreak",2012
386,386,"Billy Kratzert",NA,7,NA,NA,"BestSubParRoundsStreak",2012
386,386,"Cliff Kresge",NA,7,NA,NA,"BestSubParRoundsStreak",2012
386,386,"Kenichi Kuboya",NA,7,NA,NA,"BestSubParRoundsStreak",2012
386,386,"Derek Lamely",NA,7,3,NA,"BestSubParRoundsStreak",2012
386,386,"Jarrod Lyle",NA,7,3,NA,"BestSubParRoundsStreak",2012
386,386,"Will Ma Kenzie",NA,7,2,NA,"BestSubParRoundsStreak",2012
386,386,"Bob May",NA,7,NA,NA,"BestSubParRoundsStreak",2012
386,386,"John Merrick",NA,7,5,NA,"BestSubParRoundsStreak",2012
386,386,"Francesco Molinari",NA,7,4,NA,"BestSubParRoundsStreak",2012
386,386,"Garth Mulroy",NA,7,5,NA,"BestSubParRoundsStreak",2012
386,386,"Tim Norris",NA,7,NA,NA,"BestSubParRoundsStreak",2012
386,386,"Carl Paulson",NA,7,2,NA,"BestSubParRoundsStreak",2012
386,386,"Ted Potter Jr",NA,7,7,NA,"BestSubParRoundsStreak",2012
386,386,"Ian Poulter",NA,7,5,NA,"BestSubParRoundsStreak",2012
386,386,"Greg Powers",NA,7,NA,NA,"BestSubParRoundsStreak",2012
386,386,"Alex Prugh",NA,7,NA,NA,"BestSubParRoundsStreak",2012
386,386,"Sam Randolph",NA,7,NA,NA,"BestSubParRoundsStreak",2012
386,386,"Chi Chi Rodriguez",NA,7,NA,NA,"BestSubParRoundsStreak",2012
386,386,"Bill Sander",NA,7,NA,NA,"BestSubParRoundsStreak",2012
386,386,"Charl Schwartzel",NA,7,7,NA,"BestSubParRoundsStreak",2012
386,386,"Michael Sim",NA,7,NA,NA,"BestSubParRoundsStreak",2012
386,386,"Scott Stallings",NA,7,7,NA,"BestSubParRoundsStreak",2012
386,386,"Kyle Stanley",NA,7,4,NA,"BestSubParRoundsStreak",2012
386,386,"Henrik Stenson",NA,7,7,NA,"BestSubParRoundsStreak",2012
386,386,"Hideto Tanihara",NA,7,NA,NA,"BestSubParRoundsStreak",2012
386,386,"Vaughn Taylor",NA,7,3,NA,"BestSubParRoundsStreak",2012
386,386,"Brendon Todd",NA,7,7,NA,"BestSubParRoundsStreak",2012
386,386,"Cameron Tringale",NA,7,6,NA,"BestSubParRoundsStreak",2012
386,386,"Greg Twiggs",NA,7,NA,NA,"BestSubParRoundsStreak",2012
386,386,"Gary Woodland",NA,7,3,NA,"BestSubParRoundsStreak",2012
386,386,"YE Yang",NA,7,5,NA,"BestSubParRoundsStreak",2012
444,444,"Isao Aoki",NA,6,NA,NA,"BestSubParRoundsStreak",2012
444,444,"Chris Baryla",NA,6,NA,NA,"BestSubParRoundsStreak",2012
444,444,"Charlie Beljan",NA,6,6,NA,"BestSubParRoundsStreak",2012
444,444,"Shane Bertsch",NA,6,4,NA,"BestSubParRoundsStreak",2012
444,444,"Woody Blackburn",NA,6,NA,NA,"BestSubParRoundsStreak",2012
444,444,"Kris Blanks",NA,6,4,NA,"BestSubParRoundsStreak",2012
444,444,"Joseph Bramlett",NA,6,2,NA,"BestSubParRoundsStreak",2012
444,444,"Alejandro Canizares",NA,6,2,NA,"BestSubParRoundsStreak",2012
444,444,"Patrick Cantlay",NA,6,6,NA,"BestSubParRoundsStreak",2012
444,444,"Kevin Chappell",NA,6,6,NA,"BestSubParRoundsStreak",2012
444,444,"Darren Clarke",NA,6,2,NA,"BestSubParRoundsStreak",2012
444,444,"Paul Claxton",NA,6,NA,NA,"BestSubParRoundsStreak",2012
444,444,"Will Claxton",NA,6,6,NA,"BestSubParRoundsStreak",2012
444,444,"Jim Colbert",NA,6,NA,NA,"BestSubParRoundsStreak",2012
444,444,"Nicolas Colsaerts",NA,6,6,NA,"BestSubParRoundsStreak",2012
444,444,"Frank Conner",NA,6,NA,NA,"BestSubParRoundsStreak",2012
444,444,"Graham DeLaet",NA,6,5,NA,"BestSubParRoundsStreak",2012
444,444,"Jim Dent",NA,6,NA,NA,"BestSubParRoundsStreak",2012
444,444,"Harris English",NA,6,6,NA,"BestSubParRoundsStreak",2012
444,444,"Martin Flores",NA,6,6,NA,"BestSubParRoundsStreak",2012
444,444,"John Fought",NA,6,NA,NA,"BestSubParRoundsStreak",2012
444,444,"Stephen Gangluff",NA,6,3,NA,"BestSubParRoundsStreak",2012
444,444,"Gibby Gilbert",NA,6,NA,NA,"BestSubParRoundsStreak",2012
444,444,"Ernie Gonzalez",NA,6,NA,NA,"BestSubParRoundsStreak",2012
444,444,"Dan Halldorson",NA,6,NA,NA,"BestSubParRoundsStreak",2012
444,444,"Anders Hansen",NA,6,1,NA,"BestSubParRoundsStreak",2012
444,444,"Peter Hanson",NA,6,6,NA,"BestSubParRoundsStreak",2012
444,444,"Vance Heafner",NA,6,NA,NA,"BestSubParRoundsStreak",2012
444,444,"Scott Hend",NA,6,NA,NA,"BestSubParRoundsStreak",2012
444,444,"Mark Hensby",NA,6,NA,NA,"BestSubParRoundsStreak",2012
444,444,"Troy Kelly",NA,6,6,NA,"BestSubParRoundsStreak",2012
444,444,"Kevin Kisner",NA,6,6,NA,"BestSubParRoundsStreak",2012
444,444,"Barry Lane",NA,6,NA,NA,"BestSubParRoundsStreak",2012
444,444,"Danny Lee",NA,6,6,NA,"BestSubParRoundsStreak",2012
444,444,"Richard Lee",NA,6,6,NA,"BestSubParRoundsStreak",2012
444,444,"Lyn Lott",NA,6,NA,NA,"BestSubParRoundsStreak",2012
444,444,"Jamie Lovemark",NA,6,5,NA,"BestSubParRoundsStreak",2012
444,444,"Casey Martin",NA,6,NA,NA,"BestSubParRoundsStreak",2012
444,444,"Gary McCord",NA,6,NA,NA,"BestSubParRoundsStreak",2012
444,444,"Paul McGinley",NA,6,NA,NA,"BestSubParRoundsStreak",2012
444,444,"Pat McGowan",NA,6,NA,NA,"BestSubParRoundsStreak",2012
444,444,"Troy Merritt",NA,6,NA,NA,"BestSubParRoundsStreak",2012
444,444,"Zack Miller",NA,6,5,NA,"BestSubParRoundsStreak",2012
444,444,"Jon Mills",NA,6,1,NA,"BestSubParRoundsStreak",2012
444,444,"John Morse",NA,6,NA,NA,"BestSubParRoundsStreak",2012
444,444,"Bob Murphy",NA,6,NA,NA,"BestSubParRoundsStreak",2012
444,444,"Jim Nelford",NA,6,NA,NA,"BestSubParRoundsStreak",2012
444,444,"Andy North",NA,6,NA,NA,"BestSubParRoundsStreak",2012
444,444,"Mac OGrady",NA,6,NA,NA,"BestSubParRoundsStreak",2012
444,444,"Peter Oosterhuis",NA,6,NA,NA,"BestSubParRoundsStreak",2012
444,444,"Louis Oosthuizen",NA,6,6,NA,"BestSubParRoundsStreak",2012
444,444,"Mark Pfeil",NA,6,NA,NA,"BestSubParRoundsStreak",2012
444,444,"Michael Putnam",NA,6,1,NA,"BestSubParRoundsStreak",2012
444,444,"Victor Regalado",NA,6,NA,NA,"BestSubParRoundsStreak",2012
444,444,"Kyle Reifers",NA,6,6,NA,"BestSubParRoundsStreak",2012
444,444,"Alexandre Rocha",NA,6,6,NA,"BestSubParRoundsStreak",2012
444,444,"Tom Scherrer",NA,6,NA,NA,"BestSubParRoundsStreak",2012
444,444,"Sonny Skinner",NA,6,NA,NA,"BestSubParRoundsStreak",2012
444,444,"Joey Snyder III",NA,6,2,NA,"BestSubParRoundsStreak",2012
444,444,"Scott Sterling",NA,6,NA,NA,"BestSubParRoundsStreak",2012
444,444,"Darron Stiles",NA,6,NA,NA,"BestSubParRoundsStreak",2012
444,444,"Leonard Thompson",NA,6,NA,NA,"BestSubParRoundsStreak",2012
444,444,"Nicholas Thompson",NA,6,1,NA,"BestSubParRoundsStreak",2012
444,444,"Camilo Villegas",NA,6,5,NA,"BestSubParRoundsStreak",2012
444,444,"Denis Watson",NA,6,NA,NA,"BestSubParRoundsStreak",2012
444,444,"Ron Whittaker",NA,6,NA,NA,"BestSubParRoundsStreak",2012
444,444,"Garrett Willis",NA,6,5,NA,"BestSubParRoundsStreak",2012
511,511,"Mark Anderson",NA,5,5,NA,"BestSubParRoundsStreak",2012
511,511,"Sangmoon Bae",NA,5,5,NA,"BestSubParRoundsStreak",2012
511,511,"Miller Barber",NA,5,NA,NA,"BestSubParRoundsStreak",2012
511,511,"Rich Barcelo",NA,5,NA,NA,"BestSubParRoundsStreak",2012
511,511,"Jim Benepe",NA,5,NA,NA,"BestSubParRoundsStreak",2012
511,511,"Tommy Biershenk",NA,5,5,NA,"BestSubParRoundsStreak",2012
511,511,"Thomas Bjorn",NA,5,4,NA,"BestSubParRoundsStreak",2012
511,511,"DJ Brigman",NA,5,NA,NA,"BestSubParRoundsStreak",2012
511,511,"Scott Brown",NA,5,5,NA,"BestSubParRoundsStreak",2012
511,511,"Miguel Angel Carballo",NA,5,5,NA,"BestSubParRoundsStreak",2012
511,511,"Roberto Castro",NA,5,5,NA,"BestSubParRoundsStreak",2012
511,511,"Bobby Cole",NA,5,NA,NA,"BestSubParRoundsStreak",2012
511,511,"Gavin Coles",NA,5,5,NA,"BestSubParRoundsStreak",2012
511,511,"Erik Compton",NA,5,5,NA,"BestSubParRoundsStreak",2012
511,511,"Rod Curl",NA,5,NA,NA,"BestSubParRoundsStreak",2012
511,511,"Terry Diehl",NA,5,NA,NA,"BestSubParRoundsStreak",2012
511,511,"Bob Eastwood",NA,5,NA,NA,"BestSubParRoundsStreak",2012
511,511,"Forrest Fezler",NA,5,NA,NA,"BestSubParRoundsStreak",2012
511,511,"Nick Flanagan",NA,5,NA,NA,"BestSubParRoundsStreak",2012
511,511,"Al Geiberger",NA,5,NA,NA,"BestSubParRoundsStreak",2012
511,511,"Fabian Gomez",NA,5,NA,NA,"BestSubParRoundsStreak",2012
511,511,"Hunter Haas",NA,5,3,NA,"BestSubParRoundsStreak",2012
511,511,"Phillip Hancock",NA,5,NA,NA,"BestSubParRoundsStreak",2012
511,511,"Jim Herman",NA,5,2,NA,"BestSubParRoundsStreak",2012
511,511,"Tom Jenkins",NA,5,NA,NA,"BestSubParRoundsStreak",2012
511,511,"Robert Karlsson",NA,5,3,NA,"BestSubParRoundsStreak",2012
511,511,"Martin Kaymer",NA,5,3,NA,"BestSubParRoundsStreak",2012
511,511,"Colt Knost",NA,5,4,NA,"BestSubParRoundsStreak",2012
511,511,"Jason Kokrak",NA,5,5,NA,"BestSubParRoundsStreak",2012
511,511,"Brad Lardon",NA,5,NA,NA,"BestSubParRoundsStreak",2012
511,511,"Ben Martin",NA,5,NA,NA,"BestSubParRoundsStreak",2012
511,511,"Mike McCullough",NA,5,NA,NA,"BestSubParRoundsStreak",2012
511,511,"Graeme McDowell",NA,5,3,NA,"BestSubParRoundsStreak",2012
511,511,"Andrew McLardy",NA,5,NA,NA,"BestSubParRoundsStreak",2012
511,511,"Leif Olson",NA,5,NA,NA,"BestSubParRoundsStreak",2012
511,511,"Jerry Pate",NA,5,NA,NA,"BestSubParRoundsStreak",2012
511,511,"Patrick Reed",NA,5,5,NA,"BestSubParRoundsStreak",2012
511,511,"Jim Renner",NA,5,NA,NA,"BestSubParRoundsStreak",2012
511,511,"Bill Rogers",NA,5,NA,NA,"BestSubParRoundsStreak",2012
511,511,"John Schroeder",NA,5,NA,NA,"BestSubParRoundsStreak",2012
511,511,"Tom Shaw",NA,5,NA,NA,"BestSubParRoundsStreak",2012
511,511,"Jeev Milkha Singh",NA,5,NA,NA,"BestSubParRoundsStreak",2012
511,511,"Mike Small",NA,5,NA,NA,"BestSubParRoundsStreak",2012
511,511,"Mike Standly",NA,5,NA,NA,"BestSubParRoundsStreak",2012
511,511,"BJ Staten",NA,5,NA,NA,"BestSubParRoundsStreak",2012
511,511,"Brendan Steele",NA,5,5,NA,"BestSubParRoundsStreak",2012
511,511,"Daniel Summerhays",NA,5,5,NA,"BestSubParRoundsStreak",2012
511,511,"Jerod Turner",NA,5,NA,NA,"BestSubParRoundsStreak",2012
511,511,"Jaco Van Zyl",NA,5,NA,NA,"BestSubParRoundsStreak",2012
511,511,"Vance Veazey",NA,5,NA,NA,"BestSubParRoundsStreak",2012
511,511,"Tom Weiskopf",NA,5,NA,NA,"BestSubParRoundsStreak",2012
511,511,"Chris Wilson",NA,5,1,NA,"BestSubParRoundsStreak",2012
511,511,"Casey Wittenberg",NA,5,1,NA,"BestSubParRoundsStreak",2012
511,511,"Ian Woosnam",NA,5,NA,NA,"BestSubParRoundsStreak",2012
565,565,"Thomas Aiken",NA,4,4,NA,"BestSubParRoundsStreak",2012
565,565,"Steven Alker",NA,4,2,NA,"BestSubParRoundsStreak",2012
565,565,"Gary Christian",NA,4,4,NA,"BestSubParRoundsStreak",2012
565,565,"Jeff Coston",NA,4,NA,NA,"BestSubParRoundsStreak",2012
565,565,"Terry Dill",NA,4,NA,NA,"BestSubParRoundsStreak",2012
565,565,"Dale Douglass",NA,4,NA,NA,"BestSubParRoundsStreak",2012
565,565,"Simon Dyson",NA,4,1,NA,"BestSubParRoundsStreak",2012
565,565,"Lee Elder",NA,4,NA,NA,"BestSubParRoundsStreak",2012
565,565,"Matt Every",NA,4,4,NA,"BestSubParRoundsStreak",2012
565,565,"Gonzalo Fdez Castano",NA,4,1,NA,"BestSubParRoundsStreak",2012
565,565,"Kenneth Ferrie",NA,4,NA,NA,"BestSubParRoundsStreak",2012
565,565,"Jeff Freeman",NA,4,NA,NA,"BestSubParRoundsStreak",2012
565,565,"Stephen Gallacher",NA,4,NA,NA,"BestSubParRoundsStreak",2012
565,565,"Richard Green",NA,4,NA,NA,"BestSubParRoundsStreak",2012
565,565,"Adam Hadwin",NA,4,1,NA,"BestSubParRoundsStreak",2012
565,565,"Hunter Hamrick",NA,4,4,NA,"BestSubParRoundsStreak",2012
565,565,"Brian Harman",NA,4,4,NA,"BestSubParRoundsStreak",2012
565,565,"Matt Harmon",NA,4,NA,NA,"BestSubParRoundsStreak",2012
565,565,"Justin Hicks",NA,4,1,NA,"BestSubParRoundsStreak",2012
565,565,"Morgan Hoffmann",NA,4,NA,NA,"BestSubParRoundsStreak",2012
565,565,"Billy Hurley III",NA,4,4,NA,"BestSubParRoundsStreak",2012
565,565,"Ryo Ishikawa",NA,4,4,NA,"BestSubParRoundsStreak",2012
565,565,"JJ Killeen",NA,4,4,NA,"BestSubParRoundsStreak",2012
565,565,"KT Kim",NA,4,2,NA,"BestSubParRoundsStreak",2012
565,565,"Bio Kim",NA,4,1,NA,"BestSubParRoundsStreak",2012
565,565,"Soren Kjeldsen",NA,4,NA,NA,"BestSubParRoundsStreak",2012
565,565,"Jason Knutzon",NA,4,NA,NA,"BestSubParRoundsStreak",2012
565,565,"Doug LaBelle II",NA,4,2,NA,"BestSubParRoundsStreak",2012
565,565,"Thomas Levet",NA,4,NA,NA,"BestSubParRoundsStreak",2012
565,565,"Pat Lindsey",NA,4,NA,NA,"BestSubParRoundsStreak",2012
565,565,"Allen Miller",NA,4,NA,NA,"BestSubParRoundsStreak",2012
565,565,"Edoardo Molinari",NA,4,NA,NA,"BestSubParRoundsStreak",2012
565,565,"Patrick Moore",NA,4,NA,NA,"BestSubParRoundsStreak",2012
565,565,"Bobby Nichols",NA,4,NA,NA,"BestSubParRoundsStreak",2012
565,565,"Mike Nicolette",NA,4,NA,NA,"BestSubParRoundsStreak",2012
565,565,"Dan Olsen",NA,4,NA,NA,"BestSubParRoundsStreak",2012
565,565,"Jin Park",NA,4,NA,NA,"BestSubParRoundsStreak",2012
565,565,"Martin Piller",NA,4,NA,NA,"BestSubParRoundsStreak",2012
565,565,"Gary Player",NA,4,NA,NA,"BestSubParRoundsStreak",2012
565,565,"Alvaro Quiros",NA,4,1,NA,"BestSubParRoundsStreak",2012
565,565,"Anthony Rodriguez",NA,4,NA,NA,"BestSubParRoundsStreak",2012
565,565,"Sam Saunders",NA,4,1,NA,"BestSubParRoundsStreak",2012
565,565,"Peter Senior",NA,4,NA,NA,"BestSubParRoundsStreak",2012
565,565,"Bob Shearer",NA,4,NA,NA,"BestSubParRoundsStreak",2012
565,565,"Geoffrey Sisk",NA,4,NA,NA,"BestSubParRoundsStreak",2012
565,565,"Ed Sneed",NA,4,NA,NA,"BestSubParRoundsStreak",2012
565,565,"Bob Sowards",NA,4,NA,NA,"BestSubParRoundsStreak",2012
565,565,"Shawn Stefani",NA,4,4,NA,"BestSubParRoundsStreak",2012
565,565,"Andre Stolz",NA,4,NA,NA,"BestSubParRoundsStreak",2012
565,565,"Graeme Storm",NA,4,NA,NA,"BestSubParRoundsStreak",2012
565,565,"Will Strickler",NA,4,NA,NA,"BestSubParRoundsStreak",2012
565,565,"Brian Stuard",NA,4,NA,NA,"BestSubParRoundsStreak",2012
565,565,"Kyle Thompson",NA,4,4,NA,"BestSubParRoundsStreak",2012
565,565,"Peter Tomasulo",NA,4,4,NA,"BestSubParRoundsStreak",2012
565,565,"Ty Tryon",NA,4,NA,NA,"BestSubParRoundsStreak",2012
565,565,"Aaron Watkins",NA,4,NA,NA,"BestSubParRoundsStreak",2012
565,565,"DeWitt Weaver",NA,4,NA,NA,"BestSubParRoundsStreak",2012
565,565,"Drew Weaver",NA,4,NA,NA,"BestSubParRoundsStreak",2012
565,565,"Steve Wheatcroft",NA,4,3,NA,"BestSubParRoundsStreak",2012
624,624,"Alex Aragon",NA,3,1,NA,"BestSubParRoundsStreak",2012
624,624,"Wally Armstrong",NA,3,NA,NA,"BestSubParRoundsStreak",2012
624,624,"Homero Blancas",NA,3,NA,NA,"BestSubParRoundsStreak",2012
624,624,"Markus Brier",NA,3,NA,NA,"BestSubParRoundsStreak",2012
624,624,"Charles Coody",NA,3,NA,NA,"BestSubParRoundsStreak",2012
624,624,"Jamie Donaldson",NA,3,3,NA,"BestSubParRoundsStreak",2012
624,624,"John Ellis",NA,3,NA,NA,"BestSubParRoundsStreak",2012
624,624,"Derek Fathauer",NA,3,NA,NA,"BestSubParRoundsStreak",2012
624,624,"Ben Ferguson",NA,3,1,NA,"BestSubParRoundsStreak",2012
624,624,"Ross Fisher",NA,3,1,NA,"BestSubParRoundsStreak",2012
624,624,"Marcus Fraser",NA,3,3,NA,"BestSubParRoundsStreak",2012
624,624,"Tadd Fujikawa",NA,3,2,NA,"BestSubParRoundsStreak",2012
624,624,"Hiroyuki Fujita",NA,3,NA,NA,"BestSubParRoundsStreak",2012
624,624,"Luke Guthrie",NA,3,3,NA,"BestSubParRoundsStreak",2012
624,624,"Mikko Ilonen",NA,3,NA,NA,"BestSubParRoundsStreak",2012
624,624,"Thongchai Jaidee",NA,3,1,NA,"BestSubParRoundsStreak",2012
624,624,"Don January",NA,3,NA,NA,"BestSubParRoundsStreak",2012
624,624,"Grier Jones",NA,3,NA,NA,"BestSubParRoundsStreak",2012
624,624,"Darrell Kestner",NA,3,NA,NA,"BestSubParRoundsStreak",2012
624,624,"Simon Khan",NA,3,1,NA,"BestSubParRoundsStreak",2012
624,624,"Jose Manuel Lara",NA,3,1,NA,"BestSubParRoundsStreak",2012
624,624,"Paul Lawrie",NA,3,1,NA,"BestSubParRoundsStreak",2012
624,624,"WC Liang",NA,3,NA,NA,"BestSubParRoundsStreak",2012
624,624,"Gene Littler",NA,3,NA,NA,"BestSubParRoundsStreak",2012
624,624,"Edward Loar",NA,3,3,NA,"BestSubParRoundsStreak",2012
624,624,"Mike Miles",NA,3,1,NA,"BestSubParRoundsStreak",2012
624,624,"Jeff Mitchell",NA,3,NA,NA,"BestSubParRoundsStreak",2012
624,624,"Mike Morley",NA,3,NA,NA,"BestSubParRoundsStreak",2012
624,624,"Alexander Noren",NA,3,3,NA,"BestSubParRoundsStreak",2012
624,624,"James Oh",NA,3,NA,NA,"BestSubParRoundsStreak",2012
624,624,"Arnold Palmer",NA,3,NA,NA,"BestSubParRoundsStreak",2012
624,624,"Fran Quinn",NA,3,2,NA,"BestSubParRoundsStreak",2012
624,624,"Jonathan Randolph",NA,3,3,NA,"BestSubParRoundsStreak",2012
624,624,"Jerry Richardson Jr",NA,3,NA,NA,"BestSubParRoundsStreak",2012
624,624,"Robert Rock",NA,3,3,NA,"BestSubParRoundsStreak",2012
624,624,"Dave Schultz",NA,3,NA,NA,"BestSubParRoundsStreak",2012
624,624,"Nate Smith",NA,3,NA,NA,"BestSubParRoundsStreak",2012
624,624,"Sal Spallone",NA,3,NA,NA,"BestSubParRoundsStreak",2012
624,624,"Jordan Spieth",NA,3,2,NA,"BestSubParRoundsStreak",2012
624,624,"Chris Starkjohann",NA,3,NA,NA,"BestSubParRoundsStreak",2012
624,624,"Toru Taniguchi",NA,3,NA,NA,"BestSubParRoundsStreak",2012
624,624,"Rocky Thompson",NA,3,NA,NA,"BestSubParRoundsStreak",2012
624,624,"Oliver Wilson",NA,3,NA,NA,"BestSubParRoundsStreak",2012
667,667,"Joe Affrunti",NA,2,NA,NA,"BestSubParRoundsStreak",2012
667,667,"Gregory Bourdy",NA,2,NA,NA,"BestSubParRoundsStreak",2012
667,667,"Josh Broadaway",NA,2,NA,NA,"BestSubParRoundsStreak",2012
667,667,"Paul Broadhurst",NA,2,NA,NA,"BestSubParRoundsStreak",2012
667,667,"Bob Byman",NA,2,NA,NA,"BestSubParRoundsStreak",2012
667,667,"Rafa Cabrera Bello",NA,2,2,NA,"BestSubParRoundsStreak",2012
667,667,"Roger Chapman",NA,2,NA,NA,"BestSubParRoundsStreak",2012
667,667,"Albin Choi",NA,2,2,NA,"BestSubParRoundsStreak",2012
667,667,"Rhys Davies",NA,2,NA,NA,"BestSubParRoundsStreak",2012
667,667,"Stuart Deane",NA,2,NA,NA,"BestSubParRoundsStreak",2012
667,667,"Bruce Devlin",NA,2,NA,NA,"BestSubParRoundsStreak",2012
667,667,"Johan Edfors",NA,2,NA,NA,"BestSubParRoundsStreak",2012
667,667,"Richard Finch",NA,2,NA,NA,"BestSubParRoundsStreak",2012
667,667,"Pat Fitzsimons",NA,2,NA,NA,"BestSubParRoundsStreak",2012
667,667,"Scott Gordon",NA,2,NA,NA,"BestSubParRoundsStreak",2012
667,667,"Branden Grace",NA,2,2,NA,"BestSubParRoundsStreak",2012
667,667,"Gary Groh",NA,2,NA,NA,"BestSubParRoundsStreak",2012
667,667,"Gregory Havret",NA,2,NA,NA,"BestSubParRoundsStreak",2012
667,667,"Tetsuji Hiratsuka",NA,2,1,NA,"BestSubParRoundsStreak",2012
667,667,"David Horsey",NA,2,NA,NA,"BestSubParRoundsStreak",2012
667,667,"Randall Hutchison",NA,2,2,NA,"BestSubParRoundsStreak",2012
667,667,"Yuta Ikeda",NA,2,NA,NA,"BestSubParRoundsStreak",2012
667,667,"Raphael Jacquelin",NA,2,NA,NA,"BestSubParRoundsStreak",2012
667,667,"Erick Justesen",NA,2,NA,NA,"BestSubParRoundsStreak",2012
667,667,"Kelly Kraft",NA,2,2,NA,"BestSubParRoundsStreak",2012
667,667,"Maarten Lafeber",NA,2,NA,NA,"BestSubParRoundsStreak",2012
667,667,"Luke List",NA,2,NA,NA,"BestSubParRoundsStreak",2012
667,667,"Joost Luiten",NA,2,2,NA,"BestSubParRoundsStreak",2012
667,667,"Santiago Luna",NA,2,NA,NA,"BestSubParRoundsStreak",2012
667,667,"Bob Lunn",NA,2,NA,NA,"BestSubParRoundsStreak",2012
667,667,"David Lynn",NA,2,2,NA,"BestSubParRoundsStreak",2012
667,667,"Matteo Manassero",NA,2,1,NA,"BestSubParRoundsStreak",2012
667,667,"Prayad Marksaeng",NA,2,NA,NA,"BestSubParRoundsStreak",2012
667,667,"Rik Massengale",NA,2,NA,NA,"BestSubParRoundsStreak",2012
667,667,"Kelly Mitchum",NA,2,NA,NA,"BestSubParRoundsStreak",2012
667,667,"Alan Morin",NA,2,NA,NA,"BestSubParRoundsStreak",2012
667,667,"Dustin Morris",NA,2,2,NA,"BestSubParRoundsStreak",2012
667,667,"Toshinori Muto",NA,2,2,NA,"BestSubParRoundsStreak",2012
667,667,"Thorbjorn Olesen",NA,2,2,NA,"BestSubParRoundsStreak",2012
667,667,"Rob Oppenheim",NA,2,NA,NA,"BestSubParRoundsStreak",2012
667,667,"Hennie Otto",NA,2,2,NA,"BestSubParRoundsStreak",2012
667,667,"Juvic Pagunsan",NA,2,2,NA,"BestSubParRoundsStreak",2012
667,667,"Rod Perry",NA,2,NA,NA,"BestSubParRoundsStreak",2012
667,667,"John Peterson",NA,2,2,NA,"BestSubParRoundsStreak",2012
667,667,"Stephen Poole",NA,2,NA,NA,"BestSubParRoundsStreak",2012
667,667,"Dana Quigley",NA,2,NA,NA,"BestSubParRoundsStreak",2012
667,667,"Richie Ramsay",NA,2,NA,NA,"BestSubParRoundsStreak",2012
667,667,"Dustin Risdon",NA,2,NA,NA,"BestSubParRoundsStreak",2012
667,667,"Richard Scott",NA,2,NA,NA,"BestSubParRoundsStreak",2012
667,667,"Oscar Serna",NA,2,NA,NA,"BestSubParRoundsStreak",2012
667,667,"Bob Smith",NA,2,NA,NA,"BestSubParRoundsStreak",2012
667,667,"Richard Sterne",NA,2,1,NA,"BestSubParRoundsStreak",2012
667,667,"Dave Stockton",NA,2,NA,NA,"BestSubParRoundsStreak",2012
667,667,"Tadahiro Takayama",NA,2,1,NA,"BestSubParRoundsStreak",2012
667,667,"Nick Taylor",NA,2,NA,NA,"BestSubParRoundsStreak",2012
667,667,"Derek Tolan",NA,2,2,NA,"BestSubParRoundsStreak",2012
667,667,"Peter Uihlein",NA,2,NA,NA,"BestSubParRoundsStreak",2012
667,667,"Manuel Villegas",NA,2,NA,NA,"BestSubParRoundsStreak",2012
667,667,"Lee Williams",NA,2,NA,NA,"BestSubParRoundsStreak",2012
667,667,"Thaworn Wiratchant",NA,2,NA,NA,"BestSubParRoundsStreak",2012
